confidence_bin,rows,mean_confidence,empirical_accuracy
"(0.499, 0.55]",12,0.5234628698582393,0.3333333333333333
"(0.55, 0.6]",10,0.5820386145849938,0.7
"(0.6, 0.65]",22,0.6224449824898429,0.7272727272727273
"(0.65, 0.7]",25,0.6796227456421903,0.84
"(0.7, 0.75]",20,0.7309028994112837,0.85
"(0.75, 0.8]",44,0.7758803991985475,0.7954545454545454
"(0.8, 0.85]",84,0.8267558896056494,0.9404761904761905
"(0.85, 0.9]",228,0.8786863364383282,0.9429824561403509
"(0.9, 0.95]",439,0.9269073671657782,0.9840546697038725
"(0.95, 1.0]",472,0.9731323961936664,0.9957627118644068
