feature,importance
emoji_count,0.5417859050072114
has_emoji,0.15223975183367322
word2vec_3,0.01833842131275227
other_chars,0.01634294971105183
word2vec_6,0.013919146687874329
word2vec_16,0.013907338358202
word2vec_4,0.013115312622764367
word2vec_2,0.012490728694211594
word2vec_11,0.012200923196432834
word2vec_24,0.011014607848488489
word2vec_5,0.010841614883445757
word2vec_22,0.01036003257227545
word2vec_0,0.010304711628967102
digit_chars,0.009732737545019389
hashtag_count,0.00972494872990044
word2vec_8,0.009369852237190512
word2vec_1,0.009317010141032088
word2vec_21,0.008845084381246284
word2vec_14,0.008039107491762686
word2vec_10,0.007993740922208595
word2vec_7,0.007559493174082607
word2vec_9,0.007436961365954122
word2vec_20,0.006932218461740772
word2vec_18,0.006608660439684585
repeated_char_ratio,0.006142278315910053
word2vec_17,0.005667086369413352
word2vec_12,0.005641532741772534
bengali_chars,0.00540262814459788
word2vec_15,0.005308695377287794
word2vec_13,0.005290667340302081
latin_chars,0.004766775991820983
word2vec_23,0.004542657756456588
word2vec_19,0.004374942328487424
has_promo,0.004085327521428546
promo_keyword_hits,0.0034844994586147654
url_count,0.0029428234014165847
price_count,0.002824056972333324
exclamation_count,0.002812474296407443
near_duplicate_similarity,0.0027691550835611664
codemix_ratio,0.0025859141150844814
phone_count,0.0020035085092204746
has_phone,0.0004484404797584765
has_url,0.0003054817971529807
mention_count,0.00010110986910237807
near_duplicate_degree,7.868488269816289e-05
email_count,0.0
exact_dup_cluster_size,0.0
is_exact_duplicate,0.0
near_duplicate_cluster_size,0.0
has_email,0.0
has_price,0.0
